<?xml version="1.0" encoding="UTF-8" ?>
<odoo>
    <data noupdate="1">
        <!--Template to send demo mail template for the customer-->
        <record id="mail_monthly_report_template_blog" model="mail.template">
            <field name="name">Monthly Report</field>
            <field name="model_id" ref="base.model_res_users"/>
            <!-- <field name="email_from">${(object.user.email or '').strip()}</field> -->
            <field name="subject">Monthly Report</field>
            <field name="body_html" type="html">
                <div style="margin: 0px; padding: 0px;">
                    <div style="justify-content: center;padding-left: 35px;text-decoration: none; border-radius: 5px; font-size:13px;width:40%">
                        <div>
                            Hello <t t-out="object.name"/>,<br></br>
                            This is your ,Monthly report.
                        </div>
                        <br/>
                        Your Fathfully,
                        <br/>
                        <t t-out="user.name"/>
                    </div>
                    <br/>
                </div>
            </field>
        </record>
    </data>
</odoo>
