<?xml version="1.0" encoding="UTF-8" ?>
<odoo>
    <data>
        <!--Template to send demo mail template for the customer-->
        <record id="mail_order_comfirm_blog" model="mail.template">
            <field name="name">Confirm order mail</field>
            <field name="model_id" ref="sale.model_sale_order"/>
            <field name="email_from">${{object.user_id.email}}</field>
            <field name="email_to">${{object.partner_id.email}}</field>
            <field name="subject">Ordered confirmrd ${object.name}</field>
            <!-- <field name="report_template_ids" eval="[(4, ref('school.action_res_partner'))]"/> -->
            <field name="body_html" type="html">
                <div style="margin: 0px; padding: 0px;">
                    <div style="justify-content: center;padding-left: 35px;text-decoration: none; border-radius: 5px; font-size:13px;width:40%">
                        <div>
                            Hello <t t-out="object.partner_id.name"/>,
                            <p>
                                Your order is confirmed.
                                <br/><br/>
                                Your order reference: <t t-out="object.name"/>
                                <br/><br/>
                                Thank you for ordering.
                            </p>
                        </div>
                        <br/>
                        Best Wishes,
                        <br/>
                        <t t-out="object.user_id.name"/>
                    </div>
                    <br/>
                </div>
            </field>
        </record>
    </data>
</odoo>
