<?xml version="1.0" encoding="UTF-8" ?>
<odoo>
    <data>
        <!--Template to send demo mail template for the customer-->
        <record id="mail_student_template_blog" model="mail.template">
            <field name="name">Email Template student</field>
            <field name="model_id" ref="school.model_school_student"/>
            <field name="email_from">{{user.email_formatted}}</field>
            <field name="email_to">{{object.number}}</field>
            <field name="report_template_ids" eval="[(4, ref('school.action_report_student_template'))]"/>
            <field name="subject">Mail Template: Demo Mail</field>
            <field name="body_html" type="html">
                <div style="margin: 0px; padding: 0px;">
                    <div style="justify-content: center; padding:0.6rem;padding-left: 35px;text-decoration: none; color: #fff; border-radius: 5px; font-size:13px;width:40%">
                        <h5>
                            Hi,
                            <t t-out="object.name"/>
                        </h5>
                        <div>
                            <p>
                                This is demo mail send to you for checking the
                                mail template.
                            </p>
                        </div>
                    </div>
                    <br/>
                    <br/>
                    Regards,
                    <br/>
                    <t t-out="user.name"/>
                    <br/>
                </div>
            </field>
        </record>
    </data>
</odoo>