id,name,model_id:id,group_id:id,perm_read,perm_write,perm_create,perm_unlink
access_school_profile,school.profile,model_school_profile,base.group_user,1,1,1,1
access_school_teacher,school.teacher,model_school_teacher,base.group_user,1,1,1,1
access_school_student,school.student,model_school_student,base.group_user,1,1,1,1
access_school_class,school.class,model_school_class,base.group_user,1,1,1,1
access_school_subject,school.subject,model_school_subject,base.group_user,1,1,1,1
access_student_result,student.result,model_student_result,base.group_user,1,1,1,1
access_student_mark,student.mark,model_student_mark,base.group_user,1,1,1,1