<?xml version="1.0" encoding="utf-8"?>
<odoo>
    <record id="model_category_school" model="ir.module.category">
        <field name="name">School Category</field>
        <field name="description">School Groups</field>
        <field name="sequence">1</field>
    </record>
    <record id="group_school_student_record_access" model="res.groups">
        <field name="name">Student access</field>
        <field name="category_id" ref="school.model_category_school"/>
    </record>
    <record id="group_school_teacher_record_access" model="res.groups">
        <field name="name">Teacher access</field>
        <field name="category_id" ref="school.model_category_school"/>
    </record>
    <record id="group_school_owner_record_access" model="res.groups">
        <field name="name">Owner access</field>
        <field name="category_id" ref="school.model_category_school"/>
    </record>
    <record id="group_gov_record_access" model="res.groups">
        <field name="name">Government access</field>
        <field name="category_id" ref="school.model_category_school"/>
    </record>
    <record id="group_manager_access" model="res.groups">
        <field name="name">Manager Group</field>
        <field name="category_id" ref="school.model_category_school"/>
    </record>
    
    <!-- <record id="action_school_rule" model="ir.rule">
        <field name="name">Action School</field>
        <field name="model_id" ref="school.model_school_profile"/>
        <field name="domain_force">[('create_uid','=',user.id)]</field>
        <field name="groups" eval="[(4,ref('school.group_gov_record_access'))]"></field>
    </record> -->

    <!-- owner use can only create the private school record but government user can create both private and government record -->
    
</odoo>
